{
  "properties": {
    "connectionReferences": {
      "shared_commondataserviceforapps": {
        "runtimeSource": "embedded",
        "connection": {
          "connectionReferenceLogicalName": "pcf_sharedcommondataserviceforapps_b1302"
        },
        "api": {
          "name": "shared_commondataserviceforapps"
        }
      }
    },
    "definition": {
      "$schema": "https://schema.management.azure.com/providers/Microsoft.Logic/schemas/2016-06-01/workflowdefinition.json#",
      "contentVersion": "1.0.0.0",
      "parameters": {
        "$connections": {
          "defaultValue": {},
          "type": "Object"
        },
        "$authentication": {
          "defaultValue": {},
          "type": "SecureObject"
        }
      },
      "triggers": {
        "manual": {
          "metadata": {
            "operationMetadataId": "a8cc1723-2ce8-4c9b-89f2-08f9625e615a"
          },
          "type": "Request",
          "kind": "Button",
          "inputs": {
            "schema": {
              "type": "object",
              "properties": {
                "text": {
                  "title": "Key",
                  "type": "string",
                  "x-ms-dynamically-added": true,
                  "description": "Keyを指定してください",
                  "x-ms-content-hint": "TEXT"
                }
              },
              "required": [
                "text"
              ]
            }
          }
        }
      },
      "actions": {
        "開始日時を代入する": {
          "runAfter": {},
          "metadata": {
            "operationMetadataId": "d08791eb-e6d6-4549-bdf0-a2e5f8b62525"
          },
          "type": "InitializeVariable",
          "inputs": {
            "variables": [
              {
                "name": "開始日時",
                "type": "string",
                "value": "@{utcNow()}"
              }
            ]
          }
        },
        "5秒待機する": {
          "runAfter": {
            "開始日時を代入する": [
              "Succeeded"
            ]
          },
          "metadata": {
            "operationMetadataId": "dae3c180-f11e-4b1c-a2b9-5bb8237a71b8"
          },
          "type": "Wait",
          "inputs": {
            "interval": {
              "count": 5,
              "unit": "Second"
            }
          }
        },
        "終了日時を代入する": {
          "runAfter": {
            "5秒待機する": [
              "Succeeded"
            ]
          },
          "metadata": {
            "operationMetadataId": "a6897e74-1b05-4d2a-a7ca-6a324784eaae"
          },
          "type": "InitializeVariable",
          "inputs": {
            "variables": [
              {
                "name": "終了日時",
                "type": "string",
                "value": "@{utcNow()}"
              }
            ]
          }
        },
        "新しい行を追加する": {
          "runAfter": {
            "終了日時を代入する": [
              "Succeeded"
            ]
          },
          "metadata": {
            "operationMetadataId": "a86860fa-6873-4cc6-92f0-e33ce620ec8f"
          },
          "type": "OpenApiConnection",
          "inputs": {
            "host": {
              "connectionName": "shared_commondataserviceforapps",
              "operationId": "CreateRecord",
              "apiId": "/providers/Microsoft.PowerApps/apis/shared_commondataserviceforapps"
            },
            "parameters": {
              "entityName": "pcf_results",
              "item/pcf_id": "@triggerBody()['text']",
              "item/pcf_childend": "@variables('終了日時')",
              "item/pcf_childstart": "@variables('開始日時')"
            },
            "authentication": {
              "type": "Raw",
              "value": "@json(decodeBase64(triggerOutputs().headers['X-MS-APIM-Tokens']))['$ConnectionKey']"
            }
          }
        },
        "PowerApp_または_Flow_に応答する": {
          "runAfter": {
            "新しい行を追加する": [
              "Succeeded"
            ]
          },
          "metadata": {
            "operationMetadataId": "ff08c1bb-deda-4891-a9f0-5ad389e18b9d"
          },
          "type": "Response",
          "kind": "PowerApp",
          "inputs": {
            "statusCode": 200,
            "body": {},
            "schema": {
              "type": "object",
              "properties": {}
            }
          },
          "description": "子フローには「応答する」アクションが必須なので、親フロー・子フロー間は非同期にできない"
        }
      }
    },
    "templateName": ""
  },
  "schemaVersion": "1.0.0.0"
}