{
  "properties": {
    "connectionReferences": {
      "shared_commondataserviceforapps": {
        "runtimeSource": "embedded",
        "connection": {
          "connectionReferenceLogicalName": "pcf_sharedcommondataserviceforapps_b1302"
        },
        "api": {
          "name": "shared_commondataserviceforapps"
        }
      }
    },
    "definition": {
      "$schema": "https://schema.management.azure.com/providers/Microsoft.Logic/schemas/2016-06-01/workflowdefinition.json#",
      "contentVersion": "1.0.0.0",
      "parameters": {
        "$connections": {
          "defaultValue": {},
          "type": "Object"
        },
        "$authentication": {
          "defaultValue": {},
          "type": "SecureObject"
        }
      },
      "triggers": {
        "manual": {
          "metadata": {
            "operationMetadataId": "f87fcbe7-137b-4457-855f-a8fc8c1aee24"
          },
          "type": "Request",
          "kind": "PowerAppV2",
          "inputs": {
            "schema": {
              "type": "object",
              "properties": {
                "text": {
                  "title": "Key",
                  "type": "string",
                  "x-ms-dynamically-added": true,
                  "description": "Keyを指定してください",
                  "x-ms-content-hint": "TEXT"
                }
              },
              "required": [
                "text"
              ]
            }
          }
        }
      },
      "actions": {
        "開始日時を代入する": {
          "runAfter": {},
          "metadata": {
            "operationMetadataId": "50989c62-1e69-4630-a648-f8a0ab587a06"
          },
          "type": "InitializeVariable",
          "inputs": {
            "variables": [
              {
                "name": "開始日時",
                "type": "string",
                "value": "@{utcNow()}"
              }
            ]
          }
        },
        "終了日時を代入する": {
          "runAfter": {
            "子フローの実行": [
              "Succeeded"
            ]
          },
          "metadata": {
            "operationMetadataId": "971411d7-7cfb-4313-afeb-cb7140f55645"
          },
          "type": "InitializeVariable",
          "inputs": {
            "variables": [
              {
                "name": "終了日時",
                "type": "string",
                "value": "@{utcNow()}"
              }
            ]
          }
        },
        "子フローの実行": {
          "runAfter": {
            "開始日時を代入する": [
              "Succeeded"
            ]
          },
          "metadata": {
            "operationMetadataId": "74c9c773-6e46-4114-b640-d7d1ad2aeafa"
          },
          "type": "Workflow",
          "inputs": {
            "host": {
              "workflowReferenceName": "080e21cd-e3e3-ee11-904c-002248632be9"
            },
            "body": {
              "text": "@triggerBody()?['text']"
            }
          }
        },
        "行を一覧にする": {
          "runAfter": {
            "終了日時を代入する": [
              "Succeeded"
            ]
          },
          "metadata": {
            "operationMetadataId": "df8f56c7-476e-4568-80ed-3fb587d74956"
          },
          "type": "OpenApiConnection",
          "inputs": {
            "host": {
              "connectionName": "shared_commondataserviceforapps",
              "operationId": "ListRecords",
              "apiId": "/providers/Microsoft.PowerApps/apis/shared_commondataserviceforapps"
            },
            "parameters": {
              "entityName": "pcf_results",
              "$filter": "pcf_id eq '@{triggerBody()['text']}' and pcf_parentstart eq null"
            },
            "authentication": "@parameters('$authentication')"
          }
        },
        "行を更新する": {
          "runAfter": {
            "行を一覧にする": [
              "Succeeded"
            ]
          },
          "metadata": {
            "operationMetadataId": "59b5cac4-c965-4bd0-9d0e-11f3a98c8526"
          },
          "type": "OpenApiConnection",
          "inputs": {
            "host": {
              "connectionName": "shared_commondataserviceforapps",
              "operationId": "UpdateRecord",
              "apiId": "/providers/Microsoft.PowerApps/apis/shared_commondataserviceforapps"
            },
            "parameters": {
              "entityName": "pcf_results",
              "recordId": "@first(outputs('行を一覧にする')?['body/value'])['pcf_ResultId']",
              "item/pcf_parentend": "@variables('終了日時')",
              "item/pcf_parentstart": "@variables('開始日時')"
            },
            "authentication": "@parameters('$authentication')"
          },
          "description": "first(outputs('行を一覧にする')?['body/value'])['pcf_ResultId']"
        }
      }
    },
    "templateName": ""
  },
  "schemaVersion": "1.0.0.0"
}