{
  "properties": {
    "connectionReferences": {},
    "definition": {
      "$schema": "https://schema.management.azure.com/providers/Microsoft.Logic/schemas/2016-06-01/workflowdefinition.json#",
      "contentVersion": "1.0.0.0",
      "parameters": {
        "$authentication": {
          "defaultValue": {},
          "type": "SecureObject"
        }
      },
      "triggers": {
        "manual": {
          "metadata": {
            "operationMetadataId": "a8cc1723-2ce8-4c9b-89f2-08f9625e615a"
          },
          "type": "Request",
          "kind": "Button",
          "inputs": {
            "schema": {
              "type": "object",
              "properties": {},
              "required": []
            }
          }
        }
      },
      "actions": {
        "開始日時を代入する": {
          "runAfter": {},
          "metadata": {
            "operationMetadataId": "d08791eb-e6d6-4549-bdf0-a2e5f8b62525"
          },
          "type": "InitializeVariable",
          "inputs": {
            "variables": [
              {
                "name": "開始日時",
                "type": "string",
                "value": "@{utcNow()}"
              }
            ]
          }
        },
        "5秒待機する": {
          "runAfter": {
            "開始日時を代入する": [
              "Succeeded"
            ]
          },
          "metadata": {
            "operationMetadataId": "dae3c180-f11e-4b1c-a2b9-5bb8237a71b8"
          },
          "type": "Wait",
          "inputs": {
            "interval": {
              "count": 5,
              "unit": "Second"
            }
          }
        },
        "終了日時を代入する": {
          "runAfter": {
            "5秒待機する": [
              "Succeeded"
            ]
          },
          "metadata": {
            "operationMetadataId": "a6897e74-1b05-4d2a-a7ca-6a324784eaae"
          },
          "type": "InitializeVariable",
          "inputs": {
            "variables": [
              {
                "name": "終了日時",
                "type": "string",
                "value": "@{utcNow()}"
              }
            ]
          }
        },
        "PowerApp_または_Flow_に応答する": {
          "runAfter": {
            "終了日時を代入する": [
              "Succeeded"
            ]
          },
          "metadata": {
            "operationMetadataId": "1f85cdc8-66ba-43b4-9f50-9fe3f4eb11c9"
          },
          "type": "Response",
          "kind": "PowerApp",
          "inputs": {
            "statusCode": 200,
            "body": {
              "開始日時": "@variables('開始日時')",
              "終了日時": "@variables('終了日時')"
            },
            "schema": {
              "type": "object",
              "properties": {
                "開始日時": {
                  "title": "開始日時",
                  "x-ms-dynamically-added": true,
                  "type": "string"
                },
                "終了日時": {
                  "title": "終了日時",
                  "x-ms-dynamically-added": true,
                  "type": "string"
                }
              }
            }
          }
        }
      }
    },
    "templateName": null
  },
  "schemaVersion": "1.0.0.0"
}