{
  "properties": {
    "connectionReferences": {},
    "definition": {
      "$schema": "https://schema.management.azure.com/providers/Microsoft.Logic/schemas/2016-06-01/workflowdefinition.json#",
      "contentVersion": "1.0.0.0",
      "parameters": {
        "$authentication": {
          "defaultValue": {},
          "type": "SecureObject"
        }
      },
      "triggers": {
        "manual": {
          "metadata": {
            "operationMetadataId": "f87fcbe7-137b-4457-855f-a8fc8c1aee24"
          },
          "type": "Request",
          "kind": "PowerAppV2",
          "inputs": {
            "schema": {
              "type": "object",
              "properties": {},
              "required": []
            }
          }
        }
      },
      "actions": {
        "開始日時を代入する": {
          "runAfter": {},
          "metadata": {
            "operationMetadataId": "50989c62-1e69-4630-a648-f8a0ab587a06"
          },
          "type": "InitializeVariable",
          "inputs": {
            "variables": [
              {
                "name": "開始日時",
                "type": "string",
                "value": "@{utcNow()}"
              }
            ]
          }
        },
        "子フローの実行": {
          "runAfter": {
            "開始日時を代入する": [
              "Succeeded"
            ]
          },
          "metadata": {
            "operationMetadataId": "9934dc74-aa61-4f45-855c-ff3904fcf88d"
          },
          "type": "Workflow",
          "inputs": {
            "host": {
              "workflowReferenceName": "2f6de4fa-dfe3-ee11-904c-002248632be9"
            }
          }
        },
        "終了日時を代入する": {
          "runAfter": {
            "子フローの実行": [
              "Succeeded"
            ]
          },
          "metadata": {
            "operationMetadataId": "971411d7-7cfb-4313-afeb-cb7140f55645"
          },
          "type": "InitializeVariable",
          "inputs": {
            "variables": [
              {
                "name": "終了日時",
                "type": "string",
                "value": "@{utcNow()}"
              }
            ]
          }
        },
        "PowerApp_または_Flow_に応答する": {
          "runAfter": {
            "終了日時を代入する": [
              "Succeeded"
            ]
          },
          "metadata": {
            "operationMetadataId": "81f24f69-abd7-4caf-982a-6d73fda4e0b2"
          },
          "type": "Response",
          "kind": "PowerApp",
          "inputs": {
            "statusCode": 200,
            "body": {
              "開始日時": "@variables('開始日時')",
              "子フロー開始日時": "@body('子フローの実行')?['開始日時']",
              "子フロー終了日時": "@body('子フローの実行')?['終了日時']",
              "終了日時": "@variables('終了日時')"
            },
            "schema": {
              "type": "object",
              "properties": {
                "開始日時": {
                  "title": "開始日時",
                  "x-ms-dynamically-added": true,
                  "type": "string"
                },
                "子フロー開始日時": {
                  "title": "子フロー開始日時",
                  "x-ms-dynamically-added": true,
                  "type": "string"
                },
                "子フロー終了日時": {
                  "title": "子フロー終了日時",
                  "x-ms-dynamically-added": true,
                  "type": "string"
                },
                "終了日時": {
                  "title": "終了日時",
                  "x-ms-dynamically-added": true,
                  "type": "string"
                }
              }
            }
          }
        }
      }
    },
    "templateName": null
  },
  "schemaVersion": "1.0.0.0"
}